[{"model": "admin.logentry", "pk": 320, "fields": {"action_time": "2021-08-16T09:56:23.405Z", "user": 9, "content_type": 7, "object_id": "6", "object_repr": "07", "action_flag": 2, "change_message": "[{\"changed\": {\"fields\": [\"Surname\"]}}]"}}, {"model": "admin.logentry", "pk": 321, "fields": {"action_time": "2021-08-16T10:20:03.084Z", "user": 9, "content_type": 7, "object_id": "11", "object_repr": "zaza", "action_flag": 3, "change_message": ""}}, {"model": "admin.logentry", "pk": 322, "fields": {"action_time": "2021-08-16T10:20:03.106Z", "user": 9, "content_type": 7, "object_id": "10", "object_repr": "012345", "action_flag": 3, "change_message": ""}}, {"model": "admin.logentry", "pk": 323, "fields": {"action_time": "2021-08-16T10:20:03.114Z", "user": 9, "content_type": 7, "object_id": "8", "object_repr": "0111", "action_flag": 3, "change_message": ""}}, {"model": "admin.logentry", "pk": 324, "fields": {"action_time": "2021-08-16T10:20:03.122Z", "user": 9, "content_type": 7, "object_id": "7", "object_repr": "011", "action_flag": 3, "change_message": ""}}, {"model": "admin.logentry", "pk": 325, "fields": {"action_time": "2021-08-16T10:20:03.138Z", "user": 9, "content_type": 7, "object_id": "6", "object_repr": "07", "action_flag": 3, "change_message": ""}}, {"model": "admin.logentry", "pk": 326, "fields": {"action_time": "2021-08-16T10:20:03.154Z", "user": 9, "content_type": 7, "object_id": "5", "object_repr": "05", "action_flag": 3, "change_message": ""}}, {"model": "admin.logentry", "pk": 327, "fields": {"action_time": "2021-08-16T10:20:03.162Z", "user": 9, "content_type": 7, "object_id": "4", "object_repr": "0555", "action_flag": 3, "change_message": ""}}, {"model": "admin.logentry", "pk": 328, "fields": {"action_time": "2021-08-16T10:20:03.178Z", "user": 9, "content_type": 7, "object_id": "3", "object_repr": "0755111111", "action_flag": 3, "change_message": ""}}, {"model": "admin.logentry", "pk": 329, "fields": {"action_time": "2021-08-16T10:20:03.194Z", "user": 9, "content_type": 7, "object_id": "2", "object_repr": "07551111", "action_flag": 3, "change_message": ""}}, {"model": "admin.logentry", "pk": 330, "fields": {"action_time": "2021-08-16T10:20:03.210Z", "user": 9, "content_type": 7, "object_id": "1", "object_repr": "0755555", "action_flag": 3, "change_message": ""}}, {"model": "admin.logentry", "pk": 331, "fields": {"action_time": "2021-08-16T10:20:30.412Z", "user": 9, "content_type": 18, "object_id": "4", "object_repr": "Ahmad", "action_flag": 1, "change_message": "[{\"added\": {}}]"}}, {"model": "admin.logentry", "pk": 332, "fields": {"action_time": "2021-08-17T01:38:44.980Z", "user": 9, "content_type": 8, "object_id": "1", "object_repr": "Адидас кросовка", "action_flag": 2, "change_message": "[{\"changed\": {\"fields\": [\"\\u0421\\u043a\\u043b\\u0430\\u0434\"]}}]"}}, {"model": "admin.logentry", "pk": 333, "fields": {"action_time": "2021-08-17T01:38:51.232Z", "user": 9, "content_type": 8, "object_id": "2", "object_repr": "Nike баскет", "action_flag": 2, "change_message": "[{\"changed\": {\"fields\": [\"\\u0421\\u043a\\u043b\\u0430\\u0434\"]}}]"}}, {"model": "admin.logentry", "pk": 334, "fields": {"action_time": "2021-08-17T07:55:18.667Z", "user": 9, "content_type": 8, "object_id": "7", "object_repr": "Куртка", "action_flag": 2, "change_message": "[{\"added\": {\"name\": \"productgallery\", \"object\": \"\\u041a\\u0443\\u0440\\u0442\\u043a\\u0430\"}}]"}}, {"model": "admin.logentry", "pk": 335, "fields": {"action_time": "2021-08-17T07:55:45.354Z", "user": 9, "content_type": 8, "object_id": "7", "object_repr": "Куртка", "action_flag": 2, "change_message": "[{\"added\": {\"name\": \"productgallery\", \"object\": \"\\u041a\\u0443\\u0440\\u0442\\u043a\\u0430\"}}]"}}, {"model": "admin.logentry", "pk": 336, "fields": {"action_time": "2021-08-17T07:55:52.817Z", "user": 9, "content_type": 8, "object_id": "7", "object_repr": "Куртка", "action_flag": 2, "change_message": "[{\"added\": {\"name\": \"productgallery\", \"object\": \"\\u041a\\u0443\\u0440\\u0442\\u043a\\u0430\"}}]"}}, {"model": "admin.logentry", "pk": 337, "fields": {"action_time": "2021-08-17T07:56:05.756Z", "user": 9, "content_type": 8, "object_id": "1", "object_repr": "Адидас кросовка", "action_flag": 2, "change_message": "[{\"added\": {\"name\": \"productgallery\", \"object\": \"\\u0410\\u0434\\u0438\\u0434\\u0430\\u0441 \\u043a\\u0440\\u043e\\u0441\\u043e\\u0432\\u043a\\u0430\"}}]"}}, {"model": "admin.logentry", "pk": 338, "fields": {"action_time": "2021-08-17T07:56:13.111Z", "user": 9, "content_type": 8, "object_id": "1", "object_repr": "Адидас кросовка", "action_flag": 2, "change_message": "[{\"added\": {\"name\": \"productgallery\", \"object\": \"\\u0410\\u0434\\u0438\\u0434\\u0430\\u0441 \\u043a\\u0440\\u043e\\u0441\\u043e\\u0432\\u043a\\u0430\"}}]"}}, {"model": "admin.logentry", "pk": 339, "fields": {"action_time": "2021-08-17T07:56:20.375Z", "user": 9, "content_type": 8, "object_id": "1", "object_repr": "Адидас кросовка", "action_flag": 2, "change_message": "[{\"added\": {\"name\": \"productgallery\", \"object\": \"\\u0410\\u0434\\u0438\\u0434\\u0430\\u0441 \\u043a\\u0440\\u043e\\u0441\\u043e\\u0432\\u043a\\u0430\"}}]"}}, {"model": "admin.logentry", "pk": 340, "fields": {"action_time": "2021-08-17T07:56:27.568Z", "user": 9, "content_type": 8, "object_id": "1", "object_repr": "Адидас кросовка", "action_flag": 2, "change_message": "[{\"added\": {\"name\": \"productgallery\", \"object\": \"\\u0410\\u0434\\u0438\\u0434\\u0430\\u0441 \\u043a\\u0440\\u043e\\u0441\\u043e\\u0432\\u043a\\u0430\"}}]"}}, {"model": "auth.permission", "pk": 1, "fields": {"name": "Can add log entry", "content_type": 1, "codename": "add_logentry"}}, {"model": "auth.permission", "pk": 2, "fields": {"name": "Can change log entry", "content_type": 1, "codename": "change_logentry"}}, {"model": "auth.permission", "pk": 3, "fields": {"name": "Can delete log entry", "content_type": 1, "codename": "delete_logentry"}}, {"model": "auth.permission", "pk": 4, "fields": {"name": "Can view log entry", "content_type": 1, "codename": "view_logentry"}}, {"model": "auth.permission", "pk": 5, "fields": {"name": "Can add permission", "content_type": 2, "codename": "add_permission"}}, {"model": "auth.permission", "pk": 6, "fields": {"name": "Can change permission", "content_type": 2, "codename": "change_permission"}}, {"model": "auth.permission", "pk": 7, "fields": {"name": "Can delete permission", "content_type": 2, "codename": "delete_permission"}}, {"model": "auth.permission", "pk": 8, "fields": {"name": "Can view permission", "content_type": 2, "codename": "view_permission"}}, {"model": "auth.permission", "pk": 9, "fields": {"name": "Can add group", "content_type": 3, "codename": "add_group"}}, {"model": "auth.permission", "pk": 10, "fields": {"name": "Can change group", "content_type": 3, "codename": "change_group"}}, {"model": "auth.permission", "pk": 11, "fields": {"name": "Can delete group", "content_type": 3, "codename": "delete_group"}}, {"model": "auth.permission", "pk": 12, "fields": {"name": "Can view group", "content_type": 3, "codename": "view_group"}}, {"model": "auth.permission", "pk": 13, "fields": {"name": "Can add content type", "content_type": 4, "codename": "add_contenttype"}}, {"model": "auth.permission", "pk": 14, "fields": {"name": "Can change content type", "content_type": 4, "codename": "change_contenttype"}}, {"model": "auth.permission", "pk": 15, "fields": {"name": "Can delete content type", "content_type": 4, "codename": "delete_contenttype"}}, {"model": "auth.permission", "pk": 16, "fields": {"name": "Can view content type", "content_type": 4, "codename": "view_contenttype"}}, {"model": "auth.permission", "pk": 17, "fields": {"name": "Can add session", "content_type": 5, "codename": "add_session"}}, {"model": "auth.permission", "pk": 18, "fields": {"name": "Can change session", "content_type": 5, "codename": "change_session"}}, {"model": "auth.permission", "pk": 19, "fields": {"name": "Can delete session", "content_type": 5, "codename": "delete_session"}}, {"model": "auth.permission", "pk": 20, "fields": {"name": "Can view session", "content_type": 5, "codename": "view_session"}}, {"model": "auth.permission", "pk": 21, "fields": {"name": "Can add category", "content_type": 6, "codename": "add_category"}}, {"model": "auth.permission", "pk": 22, "fields": {"name": "Can change category", "content_type": 6, "codename": "change_category"}}, {"model": "auth.permission", "pk": 23, "fields": {"name": "Can delete category", "content_type": 6, "codename": "delete_category"}}, {"model": "auth.permission", "pk": 24, "fields": {"name": "Can view category", "content_type": 6, "codename": "view_category"}}, {"model": "auth.permission", "pk": 25, "fields": {"name": "Can add account", "content_type": 7, "codename": "add_account"}}, {"model": "auth.permission", "pk": 26, "fields": {"name": "Can change account", "content_type": 7, "codename": "change_account"}}, {"model": "auth.permission", "pk": 27, "fields": {"name": "Can delete account", "content_type": 7, "codename": "delete_account"}}, {"model": "auth.permission", "pk": 28, "fields": {"name": "Can view account", "content_type": 7, "codename": "view_account"}}, {"model": "auth.permission", "pk": 29, "fields": {"name": "Can add product", "content_type": 8, "codename": "add_product"}}, {"model": "auth.permission", "pk": 30, "fields": {"name": "Can change product", "content_type": 8, "codename": "change_product"}}, {"model": "auth.permission", "pk": 31, "fields": {"name": "Can delete product", "content_type": 8, "codename": "delete_product"}}, {"model": "auth.permission", "pk": 32, "fields": {"name": "Can view product", "content_type": 8, "codename": "view_product"}}, {"model": "auth.permission", "pk": 33, "fields": {"name": "Can add cover", "content_type": 9, "codename": "add_cover"}}, {"model": "auth.permission", "pk": 34, "fields": {"name": "Can change cover", "content_type": 9, "codename": "change_cover"}}, {"model": "auth.permission", "pk": 35, "fields": {"name": "Can delete cover", "content_type": 9, "codename": "delete_cover"}}, {"model": "auth.permission", "pk": 36, "fields": {"name": "Can view cover", "content_type": 9, "codename": "view_cover"}}, {"model": "auth.permission", "pk": 37, "fields": {"name": "Can add cart", "content_type": 10, "codename": "add_cart"}}, {"model": "auth.permission", "pk": 38, "fields": {"name": "Can change cart", "content_type": 10, "codename": "change_cart"}}, {"model": "auth.permission", "pk": 39, "fields": {"name": "Can delete cart", "content_type": 10, "codename": "delete_cart"}}, {"model": "auth.permission", "pk": 40, "fields": {"name": "Can view cart", "content_type": 10, "codename": "view_cart"}}, {"model": "auth.permission", "pk": 41, "fields": {"name": "Can add cart item", "content_type": 11, "codename": "add_cartitem"}}, {"model": "auth.permission", "pk": 42, "fields": {"name": "Can change cart item", "content_type": 11, "codename": "change_cartitem"}}, {"model": "auth.permission", "pk": 43, "fields": {"name": "Can delete cart item", "content_type": 11, "codename": "delete_cartitem"}}, {"model": "auth.permission", "pk": 44, "fields": {"name": "Can view cart item", "content_type": 11, "codename": "view_cartitem"}}, {"model": "auth.permission", "pk": 45, "fields": {"name": "Can add variation", "content_type": 12, "codename": "add_variation"}}, {"model": "auth.permission", "pk": 46, "fields": {"name": "Can change variation", "content_type": 12, "codename": "change_variation"}}, {"model": "auth.permission", "pk": 47, "fields": {"name": "Can delete variation", "content_type": 12, "codename": "delete_variation"}}, {"model": "auth.permission", "pk": 48, "fields": {"name": "Can view variation", "content_type": 12, "codename": "view_variation"}}, {"model": "auth.permission", "pk": 49, "fields": {"name": "Can add forgot password", "content_type": 13, "codename": "add_forgotpassword"}}, {"model": "auth.permission", "pk": 50, "fields": {"name": "Can change forgot password", "content_type": 13, "codename": "change_forgotpassword"}}, {"model": "auth.permission", "pk": 51, "fields": {"name": "Can delete forgot password", "content_type": 13, "codename": "delete_forgotpassword"}}, {"model": "auth.permission", "pk": 52, "fields": {"name": "Can view forgot password", "content_type": 13, "codename": "view_forgotpassword"}}, {"model": "auth.permission", "pk": 53, "fields": {"name": "Can add payment", "content_type": 14, "codename": "add_payment"}}, {"model": "auth.permission", "pk": 54, "fields": {"name": "Can change payment", "content_type": 14, "codename": "change_payment"}}, {"model": "auth.permission", "pk": 55, "fields": {"name": "Can delete payment", "content_type": 14, "codename": "delete_payment"}}, {"model": "auth.permission", "pk": 56, "fields": {"name": "Can view payment", "content_type": 14, "codename": "view_payment"}}, {"model": "auth.permission", "pk": 57, "fields": {"name": "Can add order product", "content_type": 15, "codename": "add_orderproduct"}}, {"model": "auth.permission", "pk": 58, "fields": {"name": "Can change order product", "content_type": 15, "codename": "change_orderproduct"}}, {"model": "auth.permission", "pk": 59, "fields": {"name": "Can delete order product", "content_type": 15, "codename": "delete_orderproduct"}}, {"model": "auth.permission", "pk": 60, "fields": {"name": "Can view order product", "content_type": 15, "codename": "view_orderproduct"}}, {"model": "auth.permission", "pk": 61, "fields": {"name": "Can add order", "content_type": 16, "codename": "add_order"}}, {"model": "auth.permission", "pk": 62, "fields": {"name": "Can change order", "content_type": 16, "codename": "change_order"}}, {"model": "auth.permission", "pk": 63, "fields": {"name": "Can delete order", "content_type": 16, "codename": "delete_order"}}, {"model": "auth.permission", "pk": 64, "fields": {"name": "Can view order", "content_type": 16, "codename": "view_order"}}, {"model": "auth.permission", "pk": 65, "fields": {"name": "Can add review rating", "content_type": 17, "codename": "add_reviewrating"}}, {"model": "auth.permission", "pk": 66, "fields": {"name": "Can change review rating", "content_type": 17, "codename": "change_reviewrating"}}, {"model": "auth.permission", "pk": 67, "fields": {"name": "Can delete review rating", "content_type": 17, "codename": "delete_reviewrating"}}, {"model": "auth.permission", "pk": 68, "fields": {"name": "Can view review rating", "content_type": 17, "codename": "view_reviewrating"}}, {"model": "auth.permission", "pk": 69, "fields": {"name": "Can add user profile", "content_type": 18, "codename": "add_userprofile"}}, {"model": "auth.permission", "pk": 70, "fields": {"name": "Can change user profile", "content_type": 18, "codename": "change_userprofile"}}, {"model": "auth.permission", "pk": 71, "fields": {"name": "Can delete user profile", "content_type": 18, "codename": "delete_userprofile"}}, {"model": "auth.permission", "pk": 72, "fields": {"name": "Can view user profile", "content_type": 18, "codename": "view_userprofile"}}, {"model": "auth.permission", "pk": 73, "fields": {"name": "Can add product gallery", "content_type": 19, "codename": "add_productgallery"}}, {"model": "auth.permission", "pk": 74, "fields": {"name": "Can change product gallery", "content_type": 19, "codename": "change_productgallery"}}, {"model": "auth.permission", "pk": 75, "fields": {"name": "Can delete product gallery", "content_type": 19, "codename": "delete_productgallery"}}, {"model": "auth.permission", "pk": 76, "fields": {"name": "Can view product gallery", "content_type": 19, "codename": "view_productgallery"}}, {"model": "auth.permission", "pk": 77, "fields": {"name": "Can add login attempt", "content_type": 20, "codename": "add_loginattempt"}}, {"model": "auth.permission", "pk": 78, "fields": {"name": "Can change login attempt", "content_type": 20, "codename": "change_loginattempt"}}, {"model": "auth.permission", "pk": 79, "fields": {"name": "Can delete login attempt", "content_type": 20, "codename": "delete_loginattempt"}}, {"model": "auth.permission", "pk": 80, "fields": {"name": "Can view login attempt", "content_type": 20, "codename": "view_loginattempt"}}, {"model": "contenttypes.contenttype", "pk": 1, "fields": {"app_label": "admin", "model": "logentry"}}, {"model": "contenttypes.contenttype", "pk": 2, "fields": {"app_label": "auth", "model": "permission"}}, {"model": "contenttypes.contenttype", "pk": 3, "fields": {"app_label": "auth", "model": "group"}}, {"model": "contenttypes.contenttype", "pk": 4, "fields": {"app_label": "contenttypes", "model": "contenttype"}}, {"model": "contenttypes.contenttype", "pk": 5, "fields": {"app_label": "sessions", "model": "session"}}, {"model": "contenttypes.contenttype", "pk": 6, "fields": {"app_label": "category", "model": "category"}}, {"model": "contenttypes.contenttype", "pk": 7, "fields": {"app_label": "accounts", "model": "account"}}, {"model": "contenttypes.contenttype", "pk": 8, "fields": {"app_label": "store", "model": "product"}}, {"model": "contenttypes.contenttype", "pk": 9, "fields": {"app_label": "store", "model": "cover"}}, {"model": "contenttypes.contenttype", "pk": 10, "fields": {"app_label": "carts", "model": "cart"}}, {"model": "contenttypes.contenttype", "pk": 11, "fields": {"app_label": "carts", "model": "cartitem"}}, {"model": "contenttypes.contenttype", "pk": 12, "fields": {"app_label": "store", "model": "variation"}}, {"model": "contenttypes.contenttype", "pk": 13, "fields": {"app_label": "accounts", "model": "forgotpassword"}}, {"model": "contenttypes.contenttype", "pk": 14, "fields": {"app_label": "orders", "model": "payment"}}, {"model": "contenttypes.contenttype", "pk": 15, "fields": {"app_label": "orders", "model": "orderproduct"}}, {"model": "contenttypes.contenttype", "pk": 16, "fields": {"app_label": "orders", "model": "order"}}, {"model": "contenttypes.contenttype", "pk": 17, "fields": {"app_label": "store", "model": "reviewrating"}}, {"model": "contenttypes.contenttype", "pk": 18, "fields": {"app_label": "accounts", "model": "userprofile"}}, {"model": "contenttypes.contenttype", "pk": 19, "fields": {"app_label": "store", "model": "productgallery"}}, {"model": "contenttypes.contenttype", "pk": 20, "fields": {"app_label": "admin_honeypot", "model": "loginattempt"}}, {"model": "sessions.session", "pk": "0sk86m8wl1z1ogcyp1p6x3uaz3i6ds65", "fields": {"session_data": ".eJxVjDsOwyAQRO9CHSHsZb0oZfqcAS2_4CQCydiVlbvHSC6Scua9mV1Y3tZstxYXOwdxFYO4_HaO_SuWDsKTy6NKX8u6zE52RZ60yXsN8X073b-DzC0fa3DgFJOeaDBmisorr4lHOmI0KbBmimlESAghdOoAkFGB8qgpofh8AdW-N5A:1m93WT:hXQ8NyQALvUL_eEir4tTNs0MT5aJZ_m94gPVvWaCxbU", "expire_date": "2021-08-12T10:44:17.075Z"}}, {"model": "sessions.session", "pk": "2nk9s2fb0bspfe19bh9cj47n7bbtd8ag", "fields": {"session_data": ".eJxVjDsOwyAQRO9CHSFYwIaU6XMGxLI4dj4gYbuKcveA5CKpRpp5897Mh32b_b6m6hdiZyaBnX5LDPGRcl_oHvKt8FjyVhfkHeHHuvJrofS8HOyfYA7r3N6TDWQFmQHlaAAmNRAEqUQLIqnQaAtO6ikhRaf0oCFF5Sy60SQdbJeWSs2X9xem2owgQIp-EoJ9vtZ-P_U:1mKDJQ:b0jvqnwdB8Tz5-5gQmxWVaWtIGqCRTjlRrFktklVtPs", "expire_date": "2021-09-12T05:24:56.068Z"}}, {"model": "sessions.session", "pk": "4o2j55lzaimemvn5sxan54sgsqg91629", "fields": {"session_data": ".eJxVjE0OwiAYBe_C2hAqhYJL9z0D-f6wVQNJaVfGu2uTLnT7Zua9VIJtndLWZEkzq4uK6vS7IdBDyg74DuVWNdWyLjPqXdEHbXqsLM_r4f4dTNCmb50JDDpGzlE66GMkYOvJdeKHs6PsTRDDNgdwEXogawdkDL5HS-LZq_cHIFU5LA:1mFqih:Ja20bmoa4H8vhxQPpsbvU9wUAj4cxMFA8jIs0KDl-Lw", "expire_date": "2021-08-31T04:28:59.447Z"}}, {"model": "sessions.session", "pk": "bdgs0ot8h2jmmk8vyvrw728dixw6a6xp", "fields": {"session_data": "e30:1mZCv4:R5FZ6jbMXynj37FrG9N5ac6VOvy6V7Z4VYZYW_JTy6I", "expire_date": "2021-10-23T14:01:46.517Z"}}, {"model": "sessions.session", "pk": "c92th9qken68429fbx7v9ibs36ouzp84", "fields": {"session_data": ".eJxVjDsOwyAQRO9CHSHsZb0oZfqcAS2_4CQCydiVlbvHSC6Scua9mV1Y3tZstxYXOwdxFYO4_HaO_SuWDsKTy6NKX8u6zE52RZ60yXsN8X073b-DzC0fa3DgFJOeaDBmisorr4lHOmI0KbBmimlESAghdOoAkFGB8qgpofh8AdW-N5A:1mAusz:BPQ6ZR3z0rRhJadLQb2KLSsM5ZGqgkFOMbHq5HwoyQk", "expire_date": "2021-08-17T13:55:13.725Z"}}, {"model": "sessions.session", "pk": "eyxxse32cx1ykkc8pbgrxo4uqqlx741y", "fields": {"session_data": ".eJxVjEEOwiAURO_C2hCgUKhL9z0DAf7_UjWQlHZlvLs06UJn-ebNvJkP-5b93nD1C7Arc-zyy2JITyxHAY9Q7pWnWrZ1ifxQ-Nk2PlfA1-10_w5yaLmv7SCiwgnFpF2wo4tSIA2JjCSdhFUEOrkeKZVTQowyWqukCUCdGQL2-QLNzjcf:1mCNge:P8DMAM4-fazNcULNzeuPUcBGtsIRb_aujKxLc2gSOnM", "expire_date": "2021-08-21T14:52:32.941Z"}}, {"model": "sessions.session", "pk": "ghplk86xuqpblja6barzvucgdha7c9mv", "fields": {"session_data": ".eJxVjDsOwyAQRO9CHSHsZb0oZfqcAS2_4CQCydiVlbvHSC6Scua9mV1Y3tZstxYXOwdxFYO4_HaO_SuWDsKTy6NKX8u6zE52RZ60yXsN8X073b-DzC0fa3DgFJOeaDBmisorr4lHOmI0KbBmimlESAghdOoAkFGB8qgpofh8AdW-N5A:1mD00j:BSc4_lRBVZD0Tu4oiQP6j9O7vFMLw1lIixU_0W503MM", "expire_date": "2021-08-23T07:47:49.943Z"}}, {"model": "sessions.session", "pk": "ipfd6sdsxfapv6gqg10lranq3cp2rzxe", "fields": {"session_data": "e30:1mFISE:NRA40chg9KKVGbjGCHv1Vv5qu7O-0E5n3uTwWac5G30", "expire_date": "2021-08-29T15:53:42.428Z"}}, {"model": "sessions.session", "pk": "rew90ktim1503x6fhzffe7fbs48t1hx0", "fields": {"session_data": ".eJxVjDsOwyAQRO9CHSHsZb0oZfqcAS2_4CQCydiVlbvHSC6Scua9mV1Y3tZstxYXOwdxFYO4_HaO_SuWDsKTy6NKX8u6zE52RZ60yXsN8X073b-DzC0fa3DgFJOeaDBmisorr4lHOmI0KbBmimlESAghdOoAkFGB8qgpofh8AdW-N5A:1m9nbd:EbIA1mWk74P9obdyVltC7hr-MUBaoyMeBYGPBwPHE8k", "expire_date": "2021-08-14T11:56:41.493Z"}}, {"model": "sessions.session", "pk": "sddv2wivcs3jvhsqv3ze1ey589f3iu5u", "fields": {"session_data": ".eJxVjDsOwyAQRO9CHSHsZb0oZfqcAS2_4CQCydiVlbvHSC6Scua9mV1Y3tZstxYXOwdxFYO4_HaO_SuWDsKTy6NKX8u6zE52RZ60yXsN8X073b-DzC0fa3DgFJOeaDBmisorr4lHOmI0KbBmimlESAghdOoAkFGB8qgpofh8AdW-N5A:1m90am:FQyE3nHjCizu1M5qpNEnoV7qR_QhgnPUwz-2rqIIN8k", "expire_date": "2021-08-12T07:36:32.170Z"}}, {"model": "sessions.session", "pk": "so1yrkhvblk6tjqmhcju73kxmv3z5cxs", "fields": {"session_data": ".eJxVjDsOwyAQRO9CHSGzfAwp0_sMaGEhOIlAMnYV5e6xJRdJNdK8N_NmHre1-K2nxc_ErkwAu_yWAeMz1YPQA-u98djqusyBHwo_aedTo_S6ne7fQcFe9nW2SHYgbYIYNUCWhgCFHPYgEjJoZcEJlVOg6KQyClKUzgY36qTQEvt8Af22N9o:1mJFiw:9Nmgnr_pYv_9vRvAsKNtogIixgXDHI-69G-b8Re17TM", "expire_date": "2021-09-09T13:47:18.689Z"}}, {"model": "sessions.session", "pk": "vzrjiu9blof3gc570b3dq3yixunvv259", "fields": {"session_data": "e30:1mURVX:3B2rcirpgsXNt5ZzinFZMI4Xm-sUr_2CsGSlfLESbfc", "expire_date": "2021-10-10T10:35:43.570Z"}}, {"model": "sessions.session", "pk": "wewi93hlf4i9opyshmqshld7zbpya0z3", "fields": {"session_data": "e30:1mCI7B:Tmxa5_1PiX7hpBSEBlXsr6-hv4Ya0ukgcVxivyidAXA", "expire_date": "2021-08-21T08:55:33.178Z"}}, {"model": "sessions.session", "pk": "wrkv1o378c1o5h255eppwe5112rdjmxk", "fields": {"session_data": ".eJxVjDsOwyAQRO9CHSGzfAwp0_sMaGEhOIlAMnYV5e6xJRdJNdK8N_NmHre1-K2nxc_ErkwAu_yWAeMz1YPQA-u98djqusyBHwo_aedTo_S6ne7fQcFe9nW2SHYgbYIYNUCWhgCFHPYgEjJoZcEJlVOg6KQyClKUzgY36qTQEvt8Af22N9o:1mQM3u:89pQS2H-lspFWNg4vVntzr-MJKEJbY-NHhciWI14Txg", "expire_date": "2021-09-29T03:58:18.625Z"}}, {"model": "category.category", "pk": 1, "fields": {"category_name": "Обувь для мальчиков", "slug": "obuv-dlya-malchikov", "description": "Качественные обуви", "cat_image": "photos/categories/baby_boy_shoe.jpg"}}, {"model": "category.category", "pk": 2, "fields": {"category_name": "Обувь для девочек", "slug": "obuv-dlya-devochek", "description": "Хорошие для девочек", "cat_image": "photos/categories/baby_girl_shoe.jpg"}}, {"model": "category.category", "pk": 3, "fields": {"category_name": "Обувь для мальшей", "slug": "obuv-dlya-malshej", "description": "Хорошие обуви для мальшей", "cat_image": "photos/categories/baby_shoe.jpg"}}, {"model": "category.category", "pk": 4, "fields": {"category_name": "Одежда для мальчиков", "slug": "odezhda-dlya-malchikov", "description": "Одежда для мальчиков", "cat_image": "photos/categories/boy_cloth.jpg"}}, {"model": "category.category", "pk": 5, "fields": {"category_name": "Одежда для девочек", "slug": "odezhda-dlya-devochek", "description": "Одежда для девочек", "cat_image": "photos/categories/girl_cloth.jpg"}}, {"model": "category.category", "pk": 6, "fields": {"category_name": "Одежда для малышей", "slug": "odezhda-dlya-malyshej", "description": "Одежда для малышей", "cat_image": "photos/categories/baby_cloth.jpg"}}, {"model": "accounts.account", "pk": 9, "fields": {"password": "pbkdf2_sha256$260000$m0MSBMV0TYVOCwtaa6HMQT$grHoKGVhyyuzbskyieAjckeXVQanxQg4aDVpBBNNE1o=", "name": "Ahmad", "surname": "Ahmedov", "email": null, "phone_number": "0755057501", "date_joined": "2021-08-16T09:26:35.140Z", "last_login": "2021-08-17T04:28:59.431Z", "is_admin": true, "is_staff": true, "is_active": true, "is_superadmin": true}}, {"model": "accounts.account", "pk": 12, "fields": {"password": "pbkdf2_sha256$260000$Czxv9Buk9sHe08SCYuQC0y$vvdIPhu8X9Yfb6Wjp+jWEJe5A3vbKCgITao8ZqbohCI=", "name": "Ahmad", "surname": "Ahmedov", "email": null, "phone_number": "0755", "date_joined": "2021-08-26T13:46:59.100Z", "last_login": "2021-10-09T14:01:00.175Z", "is_admin": true, "is_staff": true, "is_active": true, "is_superadmin": true}}, {"model": "accounts.forgotpassword", "pk": 1, "fields": {"name": "Akhmad", "surname": "exit", "phone_number": "0755057501"}}, {"model": "accounts.forgotpassword", "pk": 2, "fields": {"name": "Ahmad", "surname": "Bakiev", "phone_number": "07"}}, {"model": "accounts.forgotpassword", "pk": 3, "fields": {"name": "asasa", "surname": "sasasasa", "phone_number": "sasasa"}}, {"model": "accounts.userprofile", "pk": 4, "fields": {"user": 9, "address_line_1": "Курманжан датка 347", "address_line_2": "", "profile_picture": "images/users/смарт.jpg", "city": "Osh, Kyrgyzstan", "state": "ghh"}}, {"model": "store.cover", "pk": 1, "fields": {"cover_title": "Акция", "cover_description": "Ричард МакКлинток, профессор л", "cover_image": "photos/covers/Акции.jpg"}}, {"model": "store.product", "pk": 1, "fields": {"product_name": "Адидас кросовка", "slug": "adidas-krosovka", "description": "Есть много вариантов Lorem Ipsum, но большинство из них имеет не всегда приемлемые модификации, например, юмористические вставки или слова, которые даже отдалённо не напоминают латынь. Если вам нужен Lorem Ipsum для серьёзного проекта, вы наверняка не хотите какой-нибудь шутки, скрытой в середине абзаца.", "old_price": 120, "price": 90, "images": "photos/products/pexels-alexas-fotos-2271522.jpg", "stock": 98, "is_available": true, "is_popular": true, "is_newarrived": false, "is_recommended": false, "category": 1, "created_date": "2021-07-29T08:53:19.495Z", "modified_date": "2021-08-29T05:24:58.126Z"}}, {"model": "store.product", "pk": 2, "fields": {"product_name": "Nike баскет", "slug": "nike-basket", "description": "Есть много вариантов Lorem Ipsum, но большинство из них имеет не всегда приемлемые модификации, например, юмористические вставки или слова, которые даже отдалённо не напоминают латынь. Если вам нужен Lorem Ipsum для серьёзного проекта, вы наверняка не хотите какой-нибудь шутки, скрытой в середине абзаца.", "old_price": 180, "price": 120, "images": "photos/products/pexels-helena-lopes-4409110.jpg", "stock": 93, "is_available": true, "is_popular": false, "is_newarrived": true, "is_recommended": false, "category": 1, "created_date": "2021-07-29T08:54:28.173Z", "modified_date": "2021-08-17T01:42:36.155Z"}}, {"model": "store.product", "pk": 3, "fields": {"product_name": "Бишкекский туфли для школа", "slug": "bishkekskij-tufli-dlya-shkola", "description": "Есть много вариантов Lorem Ipsum, но большинство из них имеет не всегда приемлемые модификации, например, юмористические вставки или слова, которые даже отдалённо не напоминают латынь. Если вам нужен Lorem Ipsum для серьёзного проекта, вы наверняка не хотите какой-нибудь шутки, скрытой в середине абзаца.", "old_price": 80, "price": 50, "images": "photos/products/pexels-tatiana-syrikova-3932934.jpg", "stock": 50, "is_available": true, "is_popular": false, "is_newarrived": false, "is_recommended": true, "category": 1, "created_date": "2021-07-29T08:55:01.299Z", "modified_date": "2021-07-29T08:55:01.299Z"}}, {"model": "store.product", "pk": 4, "fields": {"product_name": "орор", "slug": "ponzik", "description": "Также все другие известные генераторы Lorem Ipsum используют один и тот же текст, который они просто повторяют, пока не достигнут нужный объём. Это делает предлагаемый здесь генератор единственным настоящим Lorem Ipsum генератором. Он использует словарь из более чем 200 латинских слов, а также набор моделей предложений. В результате сгенерированный Lorem Ipsum выглядит правдоподобно, не имеет повторяющихся абзацей   Понзик или \"невозможных\" слов.", "old_price": 200, "price": 120, "images": "photos/products/pexels-mitch-oram-4011300.jpg", "stock": 0, "is_available": true, "is_popular": true, "is_newarrived": false, "is_recommended": false, "category": 3, "created_date": "2021-07-29T08:55:42.731Z", "modified_date": "2021-08-03T16:23:01.101Z"}}, {"model": "store.product", "pk": 5, "fields": {"product_name": "Малыш комплект Турция", "slug": "malysh-komplekt-turciya", "description": "Также все другие известные генераторы Lorem Ipsum используют один и тот же текст, который они просто повторяют, пока не достигнут нужный объём. Это делает предлагаемый здесь генератор единственным настоящим Lorem Ipsum генератором. Он использует словарь из более чем 200 латинских слов, а также набор моделей предложений. В результате сгенерированный Lorem Ipsum выглядит правдоподобно, не имеет повторяющихся абзацей или \"невозможных\" слов.", "old_price": 200, "price": 70, "images": "photos/products/pexels-polina-tankilevitch-3875080.jpg", "stock": 50, "is_available": true, "is_popular": false, "is_newarrived": true, "is_recommended": false, "category": 3, "created_date": "2021-07-29T08:56:25.351Z", "modified_date": "2021-07-29T08:56:25.351Z"}}, {"model": "store.product", "pk": 6, "fields": {"product_name": "Спортивка", "slug": "sportivka", "description": "Также все другие известные генераторы Lorem Ipsum используют один и тот же текст, который они просто повторяют, пока не достигнут нужный объём. Это делает предлагаемый здесь генератор единственным настоящим Lorem Ipsum генератором. Он использует словарь из более чем 200 латинских слов, а также набор моделей предложений. В результате сгенерированный Lorem Ipsum выглядит правдоподобно, не имеет повторяющихся абзацей или \"невозможных\" слов.", "old_price": 300, "price": 180, "images": "photos/products/pexels-sides-imagery-3697601.jpg", "stock": 30, "is_available": true, "is_popular": true, "is_newarrived": false, "is_recommended": false, "category": 3, "created_date": "2021-07-29T08:57:11.662Z", "modified_date": "2021-07-29T09:22:18.488Z"}}, {"model": "store.product", "pk": 7, "fields": {"product_name": "Куртка", "slug": "kurtka", "description": "Также все другие известные генераторы Lorem Ipsum используют один и тот же текст, который они просто повторяют, пока не достигнут нужный объём. Это делает предлагаемый здесь генератор единственным настоящим Lorem Ipsum генератором. Он использует словарь из более чем 200 латинских слов, а также набор моделей предложений. В результате сгенерированный Lorem Ipsum выглядит правдоподобно, не имеет повторяющихся абзацей или \"невозможных\" слов.", "old_price": 250, "price": 185, "images": "photos/products/pexels-amina-filkins-5559993.jpg", "stock": 20, "is_available": true, "is_popular": false, "is_newarrived": false, "is_recommended": false, "category": 4, "created_date": "2021-07-29T10:15:09.638Z", "modified_date": "2021-08-17T07:55:52.817Z"}}, {"model": "store.variation", "pk": 1, "fields": {"product": 1, "variation_category": "size", "variation_value": "malenkiy", "is_active": true, "created_date": "2021-08-09T05:14:33.455Z"}}, {"model": "store.variation", "pk": 2, "fields": {"product": 1, "variation_category": "color", "variation_value": "beliy", "is_active": true, "created_date": "2021-08-09T05:14:26.279Z"}}, {"model": "store.variation", "pk": 3, "fields": {"product": 1, "variation_category": "size", "variation_value": "sredniy", "is_active": true, "created_date": "2021-08-09T05:14:18.718Z"}}, {"model": "store.variation", "pk": 4, "fields": {"product": 1, "variation_category": "color", "variation_value": "zeleniy", "is_active": true, "created_date": "2021-08-09T05:14:12.642Z"}}, {"model": "store.variation", "pk": 5, "fields": {"product": 2, "variation_category": "size", "variation_value": "malenkiy", "is_active": true, "created_date": "2021-08-09T05:14:02.866Z"}}, {"model": "store.variation", "pk": 6, "fields": {"product": 2, "variation_category": "size", "variation_value": "sredniy", "is_active": true, "created_date": "2021-08-09T05:13:57.247Z"}}, {"model": "store.variation", "pk": 7, "fields": {"product": 2, "variation_category": "size", "variation_value": "bolshoi", "is_active": true, "created_date": "2021-08-09T05:13:50.521Z"}}, {"model": "store.variation", "pk": 8, "fields": {"product": 2, "variation_category": "color", "variation_value": "beliy", "is_active": true, "created_date": "2021-08-09T05:13:44.549Z"}}, {"model": "store.variation", "pk": 9, "fields": {"product": 2, "variation_category": "color", "variation_value": "zeleniy", "is_active": true, "created_date": "2021-08-09T05:13:39.247Z"}}, {"model": "store.variation", "pk": 10, "fields": {"product": 2, "variation_category": "color", "variation_value": "krasniy", "is_active": true, "created_date": "2021-08-09T05:13:32.596Z"}}, {"model": "store.productgallery", "pk": 1, "fields": {"product": 7, "image": "store/products/игрушки.jpg"}}, {"model": "store.productgallery", "pk": 2, "fields": {"product": 7, "image": "store/products/камаз.jpg"}}, {"model": "store.productgallery", "pk": 3, "fields": {"product": 7, "image": "store/products/машина.jpg"}}, {"model": "store.productgallery", "pk": 4, "fields": {"product": 1, "image": "store/products/смарт.jpg"}}, {"model": "store.productgallery", "pk": 5, "fields": {"product": 1, "image": "store/products/галстук.jpg"}}, {"model": "store.productgallery", "pk": 6, "fields": {"product": 1, "image": "store/products/костюм.jpg"}}, {"model": "store.productgallery", "pk": 7, "fields": {"product": 1, "image": "store/products/Акции.jpg"}}, {"model": "carts.cart", "pk": 24, "fields": {"cart_id": "zz6wurl1t5adaagb12n593qc5b0qzsqp", "date_added": "2021-08-09"}}, {"model": "carts.cart", "pk": 25, "fields": {"cart_id": "2rjs9eop7f6fq99xn7rvls7urez30x0n", "date_added": "2021-08-09"}}, {"model": "carts.cart", "pk": 26, "fields": {"cart_id": "wi9666ncjy33szv95khe9li081p1jhaz", "date_added": "2021-08-09"}}, {"model": "carts.cart", "pk": 27, "fields": {"cart_id": "d7h9x2eae12otnprc7zsesb76heg6aug", "date_added": "2021-08-29"}}, {"model": "orders.order", "pk": 96, "fields": {"user": null, "payment": null, "order_number": "2021081596", "name": "Akhmad", "surname": "Akhmedov", "phone_number": "0755057501", "email": "ahmedov.thy@gmail.com", "address_line_1": "Курманжан датка 347", "address_line_2": "Курманжан датка 347", "state": "Chui", "city": "Kara-Suu", "order_note": "", "order_total": 240.0, "delivery_fee": 150.0, "status": "New", "ip": "127.0.0.1", "is_ordered": true, "created_at": "2021-08-15T09:00:23.470Z", "updated_at": "2021-08-16T08:06:52.124Z"}}, {"model": "orders.order", "pk": 97, "fields": {"user": 9, "payment": null, "order_number": "2021081697", "name": "Akhmad", "surname": "Da", "phone_number": "0755057501", "email": "ahmedov.thy@gmail.com", "address_line_1": "Курманжан датка 347", "address_line_2": "Курманжан датка 347", "state": "Chui", "city": "Naryn", "order_note": "", "order_total": 270.0, "delivery_fee": 150.0, "status": "New", "ip": "127.0.0.1", "is_ordered": true, "created_at": "2021-08-16T10:53:23.154Z", "updated_at": "2021-08-16T10:53:24.147Z"}}, {"model": "orders.order", "pk": 98, "fields": {"user": 9, "payment": null, "order_number": "2021081798", "name": "Akhmad", "surname": "ff", "phone_number": "0755057501", "email": "ahmedov.thy@gmail.com", "address_line_1": "Курманжан датка 347", "address_line_2": "Курманжан датка 347", "state": "Chui", "city": "Kyzyl-Kiya", "order_note": "", "order_total": 240.0, "delivery_fee": 150.0, "status": "New", "ip": "127.0.0.1", "is_ordered": true, "created_at": "2021-08-17T01:39:14.631Z", "updated_at": "2021-08-17T01:39:16.002Z"}}, {"model": "orders.order", "pk": 99, "fields": {"user": 9, "payment": null, "order_number": "2021081799", "name": "dfd", "surname": "Da", "phone_number": "0755057501", "email": "ahmedov.thy@gmail.com", "address_line_1": "Курманжан датка 347", "address_line_2": "Курманжан датка 347", "state": "Chui", "city": "Kara-Suu", "order_note": "", "order_total": 840.0, "delivery_fee": 0.0, "status": "New", "ip": "127.0.0.1", "is_ordered": true, "created_at": "2021-08-17T01:42:35.211Z", "updated_at": "2021-08-17T01:42:36.083Z"}}, {"model": "orders.order", "pk": 100, "fields": {"user": 12, "payment": null, "order_number": "20210829100", "name": "sasa", "surname": "sasas", "phone_number": "0755", "email": "", "address_line_1": "dasda", "address_line_2": "dasdasda", "state": "Chui", "city": "Kara-Suu", "order_note": "fsdfsdfsfs", "order_total": 240.0, "delivery_fee": 150.0, "status": "New", "ip": "127.0.0.1", "is_ordered": true, "created_at": "2021-08-29T05:24:56.020Z", "updated_at": "2021-08-29T05:24:58.026Z"}}, {"model": "orders.orderproduct", "pk": 34, "fields": {"order": 97, "payment": null, "user": 9, "product": 2, "quantity": 1, "product_price": 120.0, "ordered": true, "created_at": "2021-08-16T10:53:24.165Z", "updated_at": "2021-08-16T10:53:24.198Z", "variations": [5, 8]}}, {"model": "orders.orderproduct", "pk": 35, "fields": {"order": 98, "payment": null, "user": 9, "product": 1, "quantity": 1, "product_price": 90.0, "ordered": true, "created_at": "2021-08-17T01:39:16.018Z", "updated_at": "2021-08-17T01:39:16.050Z", "variations": [1, 2]}}, {"model": "orders.orderproduct", "pk": 36, "fields": {"order": 99, "payment": null, "user": 9, "product": 2, "quantity": 7, "product_price": 120.0, "ordered": true, "created_at": "2021-08-17T01:42:36.100Z", "updated_at": "2021-08-17T01:42:36.131Z", "variations": [5, 9]}}, {"model": "orders.orderproduct", "pk": 37, "fields": {"order": 100, "payment": null, "user": 12, "product": 1, "quantity": 1, "product_price": 90.0, "ordered": true, "created_at": "2021-08-29T05:24:58.046Z", "updated_at": "2021-08-29T05:24:58.086Z", "variations": [2, 3]}}, {"model": "admin_honeypot.loginattempt", "pk": 1, "fields": {"username": "0755", "ip_address": "127.0.0.1", "session_key": "so1yrkhvblk6tjqmhcju73kxmv3z5cxs", "user_agent": "Mozilla/5.0 (Windows NT 10.0; Win64; x64) AppleWebKit/537.36 (KHTML, like Gecko) Chrome/92.0.4515.159 Safari/537.36", "timestamp": "2021-08-26T14:00:29.423Z", "path": "/admin/login/?next=/admin/"}}]